name,officer_name,title,department_name,state_abbreviation,cause,date,year,weekday,canine,url,photo_url,incident_description,age,tour,badge,weapon,offender,lat,lon
Lieutenant Mark Meadows,Mark Meadows,Lieutenant,Irondale Police Department,AL,Struck by vehicle,2025-01-06,2025,Monday,False,https://www.odmp.org/officer/27294-lieutenant-mark-meadows,27294/125/c_meadows-mark.jpg,"Lieutenant Mark Meadows was struck and killed by a motorist while directing traffic at Grants Mill Road and Overton Road in Irondale. 

Shortly before 7:00 a.m., Lieutenant Meadows was putting out cones when he was hit. He was transported to Grandview Medical Center where he succumbed to his injuries.  

Lieutenant Meadows was a United States Army veteran. He had served with the Irondale Police Department for 30 years and previously served with the Mountain Brook Police Department. He is survived by his wife, children, and two grandchildren.",60,33 years,Not available,,,33.5198559,-86.6571888
Deputy Sheriff Timothy Corlew,Timothy Corlew,Deputy,Riverside County Sheriff's Department,CA,Motorcycle crash,2025-01-08,2025,Wednesday,False,https://www.odmp.org/officer/27295-deputy-sheriff-timothy-corlew,27295/125/c_corlew.jpg,"Deputy Sheriff Tim Corlew was killed in a motorcycle crash at 5:30 a.m. on CA 91 east of La Sierra Avenue in Riverside.

While traveling westbound in the HOV lane, Deputy Corlew's patrol motorcycle collided with a vehicle, ejecting him from his motorcycle. He was transported to Riverside Community Hospital where he was pronounced deceased.

Deputy Corlew had served with the Riverside County Sheriff's Department for eight years, assigned to the Jurupa Valley Sheriff's Station. He is survived by his wife and two children.",40,8 years,5569,,,33.9016110,-117.4674657
Deputy Sheriff Jesus Vargas,Jesus Vargas,Deputy,Brazoria County Sheriff's Office,TX,Gunfire,2025-01-15,2025,Wednesday,False,https://www.odmp.org/officer/27298-deputy-sheriff-jesus-vargas,27298/125/c_vargas.jpg,"Deputy Sheriff Jesus Vargas was shot and killed while serving a warrant at Stella Link Road north of Interstate 610 in Houston at 11:30 a.m.

When Deputy Vargas and his partner approached the subject, the suspect fired at deputies from his vehicle. Deputy Vargas was transported to the Ben Taub Hospital where he succumbed to his wounds. 

The suspect, who was a repeat violent offender, fled the scene. When a U.S. Marshals Service canine located the suspect hiding in a dumpster, the suspect fired multiple shots at the K9. A responding officer returned fire, killing the suspect. 

The canine suffered two bullet wounds to the neck and nose and is in stable condition.  

Deputy Vargas had served with the Brazoria County Sheriff's Office for 17 years. He also served with the United States Marshal's Gulf Coast Violent Offenders Task Force. He is survived by his wife and three children.",41,17 years,Not available,Gun; Unknown type,Shot and killed,29.6805021,-95.4396484
Sergeant Mark Butler,Mark Butler,Sergeant,Navasota Police Department,TX,Vehicular assault,2025-01-15,2025,Wednesday,False,https://www.odmp.org/officer/27299-sergeant-mark-butler,27299/125/c_butler.jpg,"Sergeant Mark Butler was killed in a head-on collision during a pursuit on Highway 6 near Farm-to-Market 3090 in Navasota.

When College Station officers confronted a female suspect attempting to cash fraudulent checks at a bank, the suspect fled southbound on Highway 6. At the FM 2154 ramp, the suspect exited Highway 6 and reentered the highway, traveling south at speeds of over 100 mph in the northbound lanes. 

At 3:25 p.m., Sergeant Butler, who was traveling northbound, maneuvered his marked patrol vehicle and collided with the suspect, preventing her from hitting other motorists on the highway. He was transported to CHI St. Joseph Hospital – Grimes Hospital, where he succumbed to his injuries.

The suspect was killed at the scene. 

Sergeant Butler was a United States Army veteran and had served with the Navasota Police Department for almost four years. He is survived by his wife and two children.",34,"3 years, 8 months",9306,Automobile,Killed in the crash,30.4082474,-96.0856181
Border Patrol Agent David Christopher Maland,Border Patrol  David Christopher Maland,Agent,United States Department of Homeland Security - Customs and Border Protection - United States Border Patrol,US,Gunfire,2025-01-20,2025,Monday,False,https://www.odmp.org/officer/27305-border-patrol-agent-david-christopher-maland,27305/125/border-patrol-agent-christopher-maland.jpg,"Border Patrol Agent Chris Maland was shot and killed during a traffic stop on Interstate 91near Newport, Vermont, near the Canadian Border at 3:15 p.m.

One suspect was shot and killed, and the second suspect was injured. She is in federal custody.  

Agent Maland was a United States Air Force veteran and had served with the United States Department of Homeland Security - Customs and Border Protection - United States Border Patrol for over nine years. He was assigned to the Swanton Sector. He is survived by his mother, father, brother, and girlfriend.",44,9 years,Not available,Gun; Unknown type,Killed; In Custody,44.9254682,-72.1721878
Officer Baldino Morales-Sánchez,Baldino Morales-Sánchez,Officer,Mayagüez Municipal Police Department,PR,Motorcycle crash,2025-01-25,2025,Saturday,False,https://www.odmp.org/officer/27307-officer-baldino-morales-snchez,27307/125/c_baldino-morales-sanchez-3.jpg,"Officer Baldino Morales-Sánchez was killed in a motorcycle crash on PR-406 in Añasco, Puerto Rico, shortly before 2:00 am.

He was completing his shift at a municipal festival when he was involved in a single-vehicle crash.

Officer Morales-Sánchez had served with the Mayagüez Municipal Police Department for 20 years and had previously served with the Añasco Municipal Police Department.",62,28 years,Not available,,,18.2780245,-67.1090136
Officer Jason Roscow,Jason Roscow,Officer,North Las Vegas Police Department,NV,Gunfire,2025-02-04,2025,Tuesday,False,https://www.odmp.org/officer/27328-officer-jason-roscow,27328/125/c_jason-roscow.jpg,"Officer Jason Roscow was shot and killed while responding to a report of a subject brandishing a gun at a resident near the 4700 block of High Creek in North Las Vegas around 2:15 p.m.

When Officer Roscow attempted to make contact with the subject, the man ignored him and fled. After locating the man, the subject refused commands and fired at Officer Roscow. Officer Roscow returned fire, killing the subject. 

Officer Roscow was transported to University Medical Center where he succumbed to multiple gunshot wounds. 

Officer Roscow was a United States Air Force veteran and had served with the North Las Vegas Police Department for 17 years. He is survived by two sons.",46,17 years,P2090,Gun; Unknown type,Shot and killed,36.2469237,-115.1599232
Police Officer Kelvin Patrick,Kelvin Patrick,Police,Detroit Police Department,MI,Gunfire,2025-02-06,2025,Thursday,False,https://www.odmp.org/officer/27434-police-officer-kelvin-patrick,27434/125/c_patrick_kelvin.jpg,"Police Officer Kelvin Patrick succumbed to gunshot wounds he received at the 18300 block of Steel Avenue in Detroit on May 24, 1996.

While driving north on Steel Avenue shortly before noon, Officer Patrick and his partner observed juveniles walking south. He stopped his patrol car to investigate a possible case of truancy. When his partner approached the two juveniles, one subject smiled at her while he pulled out a handgun and fired at Officer Patrick. He then shot her in her hand before the two subjects fled east. 

Both officers were transported to Grace Hospital. Officer Patrick's partner was released two days after the incident. Officer Patrick suffered wounds to his chest, back, and arm, piercing his spine and leaving him partially paralyzed. He passed away from complications from his wounds on February 6, 2025. 

The youths were never apprehended. 

Officer Patrick had served with the Detroit Police Department for 29 years.",67,29 years,4458,Handgun,Never apprehended,42.4252766,-83.1728164
Police Officer Jeremy R. Labonte,Jeremy R. Labonte,Police,Roswell Police Department,GA,Gunfire,2025-02-07,2025,Friday,False,https://www.odmp.org/officer/27330-police-officer-jeremy-r-labonte,27330/125/labonte-jeremy.jpg,"Police Officer Jeremy Labonte was shot and killed while responding to a suspicious person reported at a shopping center at 1425 Market Blvd in Roswell around 7:15 p.m.

When Officer Labonte arrived at the shopping center, he encountered the subject near the ACE Pickleball Club. While the officer approached the subject for questioning, the man produced a handgun and fired at Officer Labonte multiple times. Officers responding to 911 calls arrived quickly and took the subject into custody. 

Officer Labonte was taken to a local hospital where he succumbed to his wounds.

The suspect faces charges of murder, aggravated assault against a law enforcement officer, and a weapons charge.

Officer Labonte had served with the Roswell Police Department for over three years. He is survived by his wife, parents, two sisters, nephew, and grandparents.",24,"3 years, 3 months",853,Not available,In custody,34.0169837,-84.3222610
Trooper Kyle McAcy,Kyle McAcy,Trooper,Nebraska State Patrol,NE,Struck by vehicle,2025-02-17,2025,Monday,False,https://www.odmp.org/officer/27332-trooper-kyle-mcacy,27332/125/c_mcacy_kyle.jpg,"Trooper Kyle McAcy was struck and killed by a snowplow while at the scene of a traffic crash on eastbound Interstate 80 between Ashland and Greenwood. 

Around 10:00 a.m., Trooper McAcy was standing outside his patrol car when an approaching snowplow hit him during a snowstorm. Other troopers provided aid, but he succumbed to his injuries at the scene. 

Trooper McAcy had served with the Nebraska State Patrol for ten years. He is survived by his fiancee.",31,10 years,302,,,40.9965588,-96.3409272
Patrolman Andrew William Duarte,Andrew William Duarte,Patrolman,West York Borough Police Department,PA,Gunfire (Inadvertent),2025-02-22,2025,Saturday,False,https://www.odmp.org/officer/27336-patrolman-andrew-william-duarte,27336/125/c_duarte-andrew.jpg,"Patrolman Andrew Duarte was shot and killed while responding to reports of an active shooter at the UPMC Memorial Hospital on Innovation Drive and Roosevelt Avenue in York at 10:43 a.m.

A subject entered the UPMC Memorial Hospital ICU on Saturday morning and, after learning the woman he lived with had died, he pulled out a gun and started firing, striking a doctor and another hospital worker. He continued to threaten hospital employees and took a few hostages. When officers arrived at the scene, the subject shot at officers and ordered them to retreat. Despite efforts to talk to the shooter, he refused to engage. When he emerged from the ICU, he was holding a female nurse hostage, whose hands were bound with zip ties, at gunpoint. Unknown to officers on the scene, the subject was out of ammunition and his gun was empty. When the subject refused to release his hostage, officers fired. Two bullets struck Patrolman Duarte, mortally wounding him.

During the standoff, the subject called his brother and shared his situation, stating that he was ready to die.   

Four hospital employees were injured; two were shot and two received other injuries. Two law enforcement officers were shot, and a third was wounded by shrapnel. 

In 2021, Patrolman Duarte received a hero award from Mothers Against Drunk Driving for his work in enforcing impaired driving in Colorado.

Patrolman Duarte had served with the West York Borough Police Department for over two years and previously served with the Denver Police Department for five years. He is survived by his mother and father.",30,"7 years, 10 months",18,Officer's weapon,Shot and killed,39.9823149,-76.7685715
Police Officer Cameron Robert Girvin,Cameron Robert Girvin,Police,Virginia Beach Police Department,VA,Gunfire,2025-02-22,2025,Saturday,False,https://www.odmp.org/officer/27334-police-officer-cameron-robert-girvin,27334/125/c_girvin-cameron24.jpg,"Police Officer Cameron Girvin and Police Officer Chris Reese were shot while conducting a traffic stop at Sylvan Court at approximately 11:30 p.m. Friday evening.

While on patrol, Officer Girvin and Officer Reese observed a car with an expired plate and executed a traffic stop. During the traffic stop, the officers asked the subject to exit the vehicle, and the subject refused; when finally exiting the vehicle, the subject tussled with the officers and immediately produced a pistol, shooting both Officer Girvin and Officer Reese. While the officers were incapacitated and on the ground, the subject shot each officer a second time and then fled the scene. 

The subject was found in a shed near the initial scene with a self-inflicted gunshot wound to the head.

First responders attempted life-saving procedures, and both officers were transported to local hospitals. Officer Girvin succumbed to his wounds at 4:30 a.m. Saturday morning at Virginia Beach General Hospital. Officer Reese had succumbed to his wounds just after midnight at Princess Anne Hospital.

Officer Girvin had served with the Virginia Beach Police Department for five years. He is survived by his expectant wife and parents.",25,5 years,Not available,Handgun; Pistol,Committed suicide,36.7947242,-76.1023025
Police Officer Christopher M. L. Reese,Christopher M. L. Reese,Police,Virginia Beach Police Department,VA,Gunfire,2025-02-22,2025,Saturday,False,https://www.odmp.org/officer/27335-police-officer-christopher-m-l-reese,27335/125/c_reese-christopher.jpg,"Police Officer Chris Reese and Police Officer Cameron Girvin were shot while conducting a traffic stop at Sylvan Court at approximately 11:30 p.m. Friday evening.

While on patrol Officer Reese and Officer Girvin observed a car with an expired plate and executed a traffic stop. During the traffic stop, the officers asked the subject to exit the vehicle, and the subject refused; when finally exiting the vehicle, the subject tussled with the officers and immediately produced a pistol, shooting both Officer Reese and Officer Girvin. While the officers were incapacitated and on the ground, the subject shot each officer a second time and then fled the scene. 

The subject was found in a shed near the initial scene with a self-inflicted gunshot wound to the head.

First responders attempted life-saving procedures, and both officers were transported to local hospitals. Officer Reese succumbed to his wounds just after midnight at Princess Anne Hospital. Officer Girvin succumbed to his wounds at 4:30 a.m. Saturday morning at Virginia Beach General Hospital. 

Officer Reese had served with the Virginia Beach Police Department for three years and had previously served for three years with the Virginia Beach Sheriff's Office.",30,6 years,Not available,Handgun; Pistol,Committed suicide,36.7947586,-76.1023884
"Deputy Sergeant Martin Shields, Jr.","Martin Shields, Jr.",Deputy,Hinds County Sheriff's Office,MS,Gunfire,2025-02-23,2025,Sunday,False,https://www.odmp.org/officer/27337-deputy-sergeant-martin-shields-jr,27337/125/c_martin-shields.jpg,"Deputy Sheriff Martin Shields was shot and killed while responding to a domestic call at the 15000 block of Midway Road in Terry. 

A female requested help in retrieving her belongings from a home. When Deputy Shields and another deputy arrived at the scene, a man inside the house fired at them. The suspect also shot his wife and another female trying to flee the home. 

The women were transported to a local hospital and are in stable condition.

When responding officers entered the home, the suspect was found with self-inflicted gunshot wounds. He had a lengthy criminal history; 7 felony arrests and 18 misdemeanor arrests with zero convictions. 

Deputy Shields had served with the Hinds County Sheriff's Office for nine months and previously served with the Mississippi Department of Corrections and the Jackson Police Department. He is survived by his wife and daughter. His father had also served with the Hinds County Sheriff's Office.",37,9 months,Not available,Gun; Unknown type,Committed suicide,32.0792999,-90.3609021
Police Officer Felicia Dee Reilly,Felicia Dee Reilly,Police,Saint Paul Police Department,MN,Assault,2025-03-01,2025,Saturday,False,https://www.odmp.org/officer/27350-police-officer-felicia-dee-reilly,27350/125/c_officer-reilly.jpg,"Police Officer Felicia Reilly succumbed to injuries she received after responding to a 911 hangup call at a residence in the 1600 block of Birmingham Street in Saint Paul on March 24, 2010. 

When Officer Reilly arrived at the home, she was invited inside and was notified that the elderly couple's son was threatening them. As Officer Reily approached the subject, he began to attack her. She used her taser to subdue him, but he kept swinging and punching her in the face. Despite being tased, the man punched her again, and she fell to the floor where the man proceeded to kick her in the head multiple times. Officer Reilly stood up and attempted to subdue the subject, chasing him outside the home.   

After responding officers helped Officer Reilly restrain the subject, she was transported to the hospital for her injuries where she was diagnosed with traumatic brain injury. Throughout the years she suffered from permanent double vision, chronic migraine headaches, light sensitivity, nausea, and a decrease in cognitive functioning, forcing her to retire from the department. She passed away on March 1, 2025, from her injuries.

The subject was found guilty of assault and sentenced to 8 1/2 years in prison in 2015. He is unable to be charged with her murder due to the Double Jeopardy Clause in the Fifth Amendment of the United States Constitution. 

Officer Reilly had served with the Saint Paul Police Department for 17 years. She is survived by her husband, three sons, two daughters, two sisters, and grandchildren.",67,17 years,720,Person,Sentenced to 8 1/2 years,44.9902685,-93.0405643
"Supervisory Special Agent Dennis M. Wagner, Jr.","Supervisory Special  Dennis M. Wagner, Jr.",Agent,United States Department of Justice - Federal Bureau of Investigation,US,9/11 related illness,2025-03-05,2025,Wednesday,False,https://www.odmp.org/officer/27433-supervisory-special-agent-dennis-m-wagner-jr,27433/125/c_dennis-wagner.jpg,"Supervisory Special Agent Dennis Wagner died as a result of cancer that he developed following his assignment to the search and recovery efforts at the Flight 93 crash site in Shanksville, Pennsylvania, following the 9/11 Terrorist Attacks.

Supervisory Special Agent Wagner was a United States Army Reserves Iraq War veteran and served with the United States Department of Justice - Federal Bureau of Investigation for 20 years. He was survived by his wife, daughter, and son.",60,20 years,Not available,Aircraft; Passenger jet,19 suicide attackers,40.0560667,-78.9064478
Sergeant Joseph Anthony Azcona,Joseph Anthony Azcona,Sergeant,Newark Police Division,NJ,Gunfire,2025-03-08,2025,Saturday,False,https://www.odmp.org/officer/27352-sergeant-joseph-anthony-azcona,27352/125/c_detective-azcona.jpg,"Sergeant Joseph Azcona was shot and killed while investigating illegal weapons possession at the corner of Carteret Street and Broadway in Newark. 

At 6:37 p.m. Sergeant Azcona and another officer arrived at the intersection of Carteret Street and Broadway to question a subject about possible weapons possession. The subject began firing on the officers immediately and both officers were struck while still in their vehicle. At least 18 shots were reported near the White Castle at the intersection. When responding officers arrived, they discovered Detective Azcona and the other officer, both wounded. 

Both officers were transported to University Hospital where Sergeant Azcona succumbed to his wounds at 2:30 a.m. The other officer was treated for non-life-threatening injuries.

Five juveniles were taken into custody. A 14-year-old, who was injured, was charged with weapons possession and murder.

Sergeant Azcona had served with the Newark Police Division for five years, the last two as a detective. He is survived by his mother, father, and five siblings.

Sergeant Azcona was posthumously promoted to Sergeant.",26,5 years,Not available,Not available,Taken into custody,40.7729853,-74.1612115
"Deputy Sheriff Hector Cuevas, Jr.","Hector Cuevas, Jr.",Deputy,San Bernardino County Sheriff's Department,CA,Automobile crash,2025-03-17,2025,Monday,False,https://www.odmp.org/officer/27354-deputy-sheriff-hector-cuevas-jr,27354/125/cuevas-hector-2025.jpg,"Deputy Sheriff Hector Cuevas was killed when his patrol car struck a pole at the intersection of El Evado and Seneca roads just before 11 a.m.

Deputy Cuevas was in pursuit of a stolen vehicle that had been reported to the department just minutes earlier. During the high-speed chase, Deputy Sheriff Cuevas' vehicle collided with another car and then a nearby power pole. The impact of the crash split the patrol vehicle in half, critically injuring Deputy Sheriff Cuevas. Although first responders rushed to administer aid, he passed away at the scene. The driver of the other vehicle was taken to a nearby hospital with non-life-threatening injuries.

The driver of the stolen vehicle was apprehended a short time later and is in custody, charged with vehicular manslaughter while intoxicated, evading a police officer, and causing death or serious injury. He had a history of evading law enforcement and a lengthy criminal record for vehicular thefts. 

Deputy Sheriff Cuevas had served with the San Bernardino County Sheriff's Department for six years. He is survived by his wife, two children, his parents, and his brother and sister.",36,6 years,3180,Automobile,In Custody,34.5141579,-117.3466627
Sergeant Grant J. Candies,Grant J. Candies,Sergeant,St. Tammany Parish Sheriff's Office,LA,Vehicular assault,2025-03-23,2025,Sunday,False,https://www.odmp.org/officer/27363-sergeant-grant-j-candies,27363/125/c_candies-grant.jpg,"Sergeant Grant Candies was killed by the driver fleeing a traffic stop on Interstate 10 in Slidell near the Oak Harbor exit.

The driver was driving recklessly without a tag on the car when a deputy attempted to stop the vehicle on Brownswitch Road. When the driver refused to stop and continued to drive at speeds of 85-90 mph while swerving on the roads, a pursuit ensued. Just after midnight, Sergeant Candies was deploying a spike strip to assist with stopping the vehicle pursuit when he was struck and killed by the suspects.

The suspects, all juveniles, continued to evade St. Tammany Parish deputies on Interstate 10 into Orleans Parish, where their vehicle crashed into a New Orleans Police Department unit near Crowder Boulevard at approximately 12:30 a.m. All suspects were apprehended, and the driver was charged with first-degree murder, attempted first-degree murder, and aggravated flight. Two other juveniles have been charged with second-degree murder and manslaughter.  

The New Orleans Police Department officer in the unit struck by the suspects was injured but was treated for non-life-threatening injuries and released from the hospital.

Sergeant Candies was a United States Marine Corps veteran and had served with the St. Tammany Parish Sheriff's Office for nine years. In 2023, he saved two lives and was named St. Tammany Parish Sheriff's Office Deputy of the Year. He is survived by his wife, two children, mother, father, three sisters, and a brother.",37,9 years,115,Automobile,In custody,30.2266993,-89.7779875
Police Officer Osmar Rodarte,Osmar Rodarte,Police,Marysville Police Department,CA,Gunfire,2025-03-26,2025,Wednesday,False,https://www.odmp.org/officer/27367-police-officer-osmar-rodarte,27367/125/c_rodarte.jpg,"Police Officer Osmar Rodarte was shot and killed while serving a search warrant at Kestrel Court in Olivehurst at 7:50 a.m. 

Law enforcement officers were serving 20 drug trafficking search warrants through the Yuba, Sutter, Tehama, and Butte Counties to stop a transnational drug trafficking ring from Mexico through the United States. When the Sutter regional SWAT team entered the home on Kestral Court, the suspect opened fire, and gunfire was exchanged. Officer Rodarte was struck in the ensuing gunfire. 

Officer Rodarte was transported to Adventist Health and Rideout Hospital, where he succumbed to his wounds. 

The suspect, a convicted felon, was shot and killed at the scene.

Officer Rodarte was a United States Army veteran and had served with the Marysville Police Department for two years. He is survived by his wife and child.",27,2 years,Not available,Gun; Unknown type,Shot and killed,39.0648046,-121.5532825
Deputy Sheriff William May,William May,Deputy,Walton County Sheriff's Office,FL,Gunfire,2025-04-02,2025,Wednesday,False,https://www.odmp.org/officer/27369-deputy-sheriff-william-may,27369/125/c_william-may.jpg,"Deputy Sheriff Will May was shot and killed while responding to a disturbance at the Dollar General Market at 10738 US-90 in Defuniak Springs. 

Around 2:00 p.m., Deputy May arrived at the store and, after talking to the subject, he decided to escort the man out of the store and not arrest him. As soon as they exited the building, the man pulled out a gun and shot Deputy May a few times. Deputy May returned fire and was able to call for back-up. 

Deputy May was transported to North Okaloosa Medical Center with multiple gunshot wounds. One of the bullets went underneath his bulletproof vest, and he passed away over four hours later. 

The suspect died at the scene. 

Deputy May was working an overtime shift and was on his way home when he took the disturbance call. He had served with the Walton County Sheriff's Office for over 11 years, the last six of which were as a law enforcement officer. He is survived by his wife, four children, and parents. His mother and father retired from the Walton County Sheriff's Office.",38,6 years,Not available,Gun; Unknown type,Shot and killed,30.7499818,-86.2915247
Deputy Sheriff Melissa Pollard,Melissa Pollard,Deputy,Wood County Sheriff's Office,TX,Automobile crash,2025-04-09,2025,Wednesday,False,https://www.odmp.org/officer/27379-deputy-sheriff-melissa-pollard,27379/125/c_pollardC-m.jpg,"Deputy Sheriff Melissa Pollard was killed when her cruiser collided with the back of a semi-truck at the intersection of FM 14 and State Highway 37-S, between Quitman and Winnsboro, at approximately 10 a.m.

Deputy Sheriff Pollard succumbed to her injuries at UT Health Quitman.

The driver of the semi-truck was not injured.

Deputy Pollard had served with the Wood County Sheriff's Office for over eight years and had previously served with the Fannin County Sheriff's Office for three years and the Collin County Sheriff's Office for ten years. She is survived by her daughter, two sisters, her partner, and three grandchildren.",47,21 years,Not available,,,32.8744743,-95.3450108
"Captain Helio Armando Garcia, III","Helio Armando Garcia,",Captain,South Fulton Police Department,GA,Vehicular assault,2025-04-16,2025,Wednesday,False,https://www.odmp.org/officer/27380-captain-helio-armando-garcia-iii,27380/125/c_helio-garciaC-iii.jpg,"Captain Helio Garcia was killed when his patrol car was struck by another vehicle at approximately 11:30 p.m. on Flat Shoals Road close to Connell Road.

Captain Garcia was on patrol when a vehicle veered into his lane and hit his patrol car head-on. Captain Garcia was taken to Grady Memorial Hospital, where he succumbed to his injuries early the next morning. 

The driver of the other vehicle had just finished probation and had a blood alcohol level of .194. She was initially hospitalized, but survived her injuries. She has been charged with vehicular homicide. 

Captain Garcia was a United States Marine Corps veteran who had served with the South Fulton Police Department for over six years. He had previously served with the College Park Police Department and the Holy Springs Police Department and was instrumental in forming the South Fulton Police Department. He is survived by his wife, two daughters, a son, his mother, his father, and two brothers.

Captain Garcia was posthumously promoted to Captain.",47,15 years,108,Automobile,Charged with vehicular homicide,33.5803662,-84.5026229
Deputy Sheriff Jesse Perez,Jesse Perez,Deputy,Dawson County Sheriff's Office,TX,Accidental,2025-04-22,2025,Tuesday,False,https://www.odmp.org/officer/27382-deputy-sheriff-jesse-perez,27382/125/c_jesse-perez.jpg,"Deputy Sheriff Jesse Perez was killed when debris from a commercial vehicle struck him during a traffic stop on West U.S. Highway 180 in Lamesa. 

He succumbed to his injuries at Lamesa Medical Arts Hospital. 

Deputy Perez had served with the Dawson County Sheriff's Office for eight months. He is survived by his wife, three daughters, a son, mother, two brothers, a sister, and a grandson.",42,8 months,Not available,,,32.7338309,-101.9791310
Deputy Sheriff Brandon Ray Sikes,Brandon Ray Sikes,Deputy,Columbia County Sheriff's Office,GA,Gunfire,2025-04-26,2025,Saturday,False,https://www.odmp.org/officer/27384-deputy-sheriff-brandon-ray-sikes,27384/125/c_brandon-sikes.jpg,"Deputy Sheriff Brandon Sikes was shot and killed during an attempted traffic stop just before exit 194 on Interstate 20, near Augusta, at approximately 6:30 p.m.

Deputy Sikes and three other deputies were serving a domestic violence protective order on the subject. At first, the man was compliant and non-threatening, but when deputies turned away, he fired at them with a 9mm AR Pistol. Deputy Sikes was mortally wounded. Another deputy was shot in the face. Two deputies returned fire. One of the deputies gathered the injured deputy through a barrage of gunfire and transported him to the hospital, where he is in critical condition. 

The suspect attempted to flee in his camper but was stopped on the highway. Hours later, drones found the suspect dead inside his camper with pipe bombs, firearms, and ammunition.  

Deputy Sikes was a United States Army veteran and had served with the Columbia County Sheriff's Office for over six years. He is survived by his wife, who also serves with the agency, a daughter, parents, three brothers, nieces, and a nephew.",31,"6 years, 5 months",608,Handgun; 9 mm,Deceased,33.4834721,-82.1263052
"Special Deputy Sheriff Larry Henderson, Jr.","Special   Larry Henderson, Jr.",Deputy,Hamilton County Sheriff's Office,OH,Vehicular assault,2025-05-02,2025,Friday,False,https://www.odmp.org/officer/27386-special-deputy-sheriff-larry-henderson-jr,27386/125/c_larry-henderson.jpg,"Special Deputy Sheriff Larry Henderson was intentionally struck and killed by a driver while directing traffic at the intersection of Martin Luther King Drive and Burnett Woods Drive in Cincinnati.  

At 1:00 p.m., Deputy Henderson was providing traffic control and monitoring the traffic signal box near the University of Cincinnati for their commencement ceremonies. While standing on the sidewalk, a driver deliberately drove his vehicle into Deputy Henderson. 

Deputy Henderson was transported to the UC Medical Center, where he succumbed to his injuries. 

The driver, who had recently viewed body camera footage of his son being shot and killed after fleeing a stolen vehicle armed with a handgun, was arrested and charged with aggravated murder. 

Deputy Henderson was a United States Marine Corps veteran and had served with the Hamilton County Sheriff's Office for 33 years. He is survived by his wife and five children. Three of Deputy Henderson's cousins are currently serving in law enforcement, and two uncles and a cousin have previously served in law enforcement.",57,33 years,129,Automobile,Charged with murder,39.1353279,-84.5012141
"Lieutenant Allen ""Noochie"" Credeur","Allen ""Noochie"" Credeur",Lieutenant,Rayne Police Department,LA,Gunfire (Inadvertent),2025-05-05,2025,Monday,False,https://www.odmp.org/officer/27393-lieutenant-allen-noochie-credeur,27393/125/c_allen-credeur.jpg,"Lieutenant Noochie Credeur was shot and killed by friendly fire while serving a search warrant at the 500 block of East Harrop Street in Rayne. 

At 1:27, Lieutenant Credeur was attempting to locate a suspect wanted for attempted murder in a stabbing incident when he was hit by friendly fire. Despite life-saving measures, Lieutenant Credeur succumbed to his wounds at the scene.  

Lieutenant Credeur had served with the Rayne Police Department for over 20 years. He is survived by his brother and fiancée.",49,20 years,Not available,,,30.2379109,-92.2650281
Sergeant Alton Dale Berrian,Alton Dale Berrian,Sergeant,Santa Rosa County Sheriff's Office,FL,Heart attack,2025-05-16,2025,Friday,False,https://www.odmp.org/officer/27431-sergeant-alton-dale-berrian,27431/125/Dale_berrian.jpg,"Sergeant Dale Berrian passed away from complications of a heart attack after helping a disabled motorist move their vehicle out of the busy roadway.

On May 8, 2025, Sergeant Berrian assisted with removing a vehicle from the Gulf Breeze Parkway near the Green Briar Parkway in Gulf Breeze just prior to completing his midnight shift. Immediately afterward, he complained of pain and went to the emergency room later that day. Sergeant Berrian went unconscious while being examined and was life-flighted to HCA West Florida Hospital for emergency surgery. Despite life-saving measures, he never regained consciousness and passed away on May 16, 2025.  

Sergeant Berrian had served with the Santa Rosa County Sheriff's Office for 21 years and previously served with the Escambia Sheriff's Department. He is survived by his wife, four children, and ten grandchildren.",57,25 years,57,,,30.3880027,-87.0797891
Deputy Sheriff Nathaniel Ansay,Nathaniel Ansay,Deputy,Florence County Sheriff's Office,SC,Automobile crash,2025-05-20,2025,Tuesday,False,https://www.odmp.org/officer/27403-deputy-sheriff-nathaniel-ansay,27403/125/c_ansay.jpg,"Deputy Sheriff Nate Ansay was killed in a vehicle crash on State Highway 301 in Effingham around 4:20 p.m.

Deputy Ansay was traveling northbound on Highway 301 between Langston Road and Meadow Prong Road when his patrol vehicle collided head-on with an SUV traveling southbound. He was transported to the hospital, where he succumbed to his injuries. 

The other driver was also hospitalized. 

Deputy Ansay had served with the Florence County Sheriff's Office for over one year.",24,"1 year, 2 months",274,,,34.0317701,-79.8275623
Deputy Sheriff Daniel Weston Sherrer,Daniel Weston Sherrer,Deputy,Morrow County Sheriff's Office,OH,Gunfire,2025-05-26,2025,Monday,False,https://www.odmp.org/officer/27405-deputy-sheriff-daniel-weston-sherrer,27405/125/c_2025-sherrer-daniel.jpg,"Deputy Sheriff Weston Sherrer was shot and killed while responding to a report of a shooting and domestic dispute at the 100 block of County Road and Country Road 15, south of Marengo, just outside of Columbus, at approximately 7:40 p.m.

When Deputy Sherrer arrived at the residence, he found the subject seated on the porch. As he approached the subject and attempted to de-escalate the situation, the man threatened Deputy Sherrer with a gun if he came any further. Deputy Sherrer stayed behind and continued to speak with the subject until he moved to the steps and fired at Deputy Sherrer, who was struck while returning gunfire.

Deputy Sherrer was taken to a local hospital, where he succumbed to his wounds that night. His 

The suspect was also wounded and was transported to a local hospital in serious condition. A warrant for aggravated murder has been filed.

Deputy Sherrer had served with the Morrow County Sheriff's Office for four years. He is survived by his parents, sister, and fiancée.",31,4 years,973,Gun; Unknown type,Charged with aggravated murder,40.3578007,-82.8177759
Police Officer Samuel Riveros,Samuel Riveros,Police,Baldwin Park Police Department,CA,Gunfire,2025-05-31,2025,Saturday,False,https://www.odmp.org/officer/27406-police-officer-samuel-riveros,27406/125/c_riveros_s.jpg,"Police Officer Sam Riveros was shot and killed while responding to reports of gunfire at the 4200 block of Filhurst Avenue in Baldwin Park.

At 7:12 p.m., when two officers arrived at the scene, they found one man unresponsive with a gunshot wound before they were met with gunfire. During the shootout, one of the officers was injured after bullets hit his patrol vehicle. Officer Riveros also responded to the shooting call to assist the officers. He ran into the hail of bullets, preventing the shooter from targeting the officers and the other community members in the neighborhood. Officer Riveros was transported to the Los Angeles County-USC Medical Center, where he was pronounced deceased. Investigators recovered a rifle and 60 spent shell casings at the scene.

The man found unresponsive was shot and killed over a parking dispute. 

The suspect was struck with non-life-threatening wounds. He was charged with two counts of murder with special circumstances, two counts of attempted murder, and a charge for possessing an assault weapon.

Officer Riveros had served with the Baldwin Park Police Department for nine years. He is survived by his mother, stepfather, two brothers, and a sister.",35,"9 years, 6 months",4422,Rifle,Charged with murder,34.0886039,-117.9796158
Police Officer Timothy Ontiveros,Timothy Ontiveros,Police,Bloomfield Police Department,NM,Gunfire,2025-06-01,2025,Sunday,False,https://www.odmp.org/officer/27410-police-officer-timothy-ontiveros,27410/125/c_oliveros.jpg,"Police Officer Timothy Ontiveros succumbed to gunshot wounds he received during a traffic stop on Jordan Street at 10:55 p.m. on May 26, 2025.

When Officer Ontiveros and another officer pulled over a driver, the man refused to roll down his window or give his identity. After negotiating with the subject for over eight minutes, the officers attempted to arrest the man. The subject pulled out a gun and fired at officers, striking Officer Ontiveros and barely missing the other officer, who returned fire, killing the subject. 

Officer Ontiveros was transported to San Juan Regional Medical Center in Farmington with gunshot wounds to his neck and shoulder. He was flown to the University of New Mexico Hospital, where he passed away on June 1, 2025. As his final act of service, his organs were donated. 

Officer Ontiveros had served with the Bloomfield Police Department for six months and previously served with the Farmington Police Department for almost a year. He was also a volunteer firefighter with the Aztec Fire Department. He is survived by his daughters.",33,"1 year, 6 months",B302,Gun; Unknown type,Shot and killed,36.7115144,-107.9632564
"Sergeant Jonathan D. ""J.D."" White","Jonathan D. ""J.D."" White",Sergeant,Angleton Police Department,TX,Struck by vehicle,2025-06-01,2025,Sunday,False,https://www.odmp.org/officer/27411-sergeant-jonathan-d-jd-white,27411/125/c_jd-white.jpg,"Sergeant J.D. White was struck and killed while escorting a funeral procession. 

He was flown to Memorial Hermann Hospital in Houston, where he succumbed to his injuries.

Sergeant White had served with the Angleton Police Department for 19 years. He was survived by three children and four grandchildren.",Not available,19 years,Not available,,,29.1820370,-95.4300987
Police Officer Krystal Rivera,Krystal Rivera,Police,Chicago Police Department,IL,Gunfire (Inadvertent),2025-06-05,2025,Thursday,False,https://www.odmp.org/officer/27416-police-officer-krystal-rivera,27416/125/c_officer-rivera.jpg,"Police Officer Krystal Rivera was shot and killed during a confrontation with an armed subject. 

While on routine patrol at 9:50 p.m., officers attempted to stop a man they suspected of having a weapon at the 8200 block of South Drexel Avenue in the Gresham neighborhood. The subject fled and officers pursued the subject into an apartment building, where another armed subject confronted them. During the chaotic encounter, an officer discharged their weapon, fatally striking Officer Rivera. 

Officer Rivera was placed into a patrol vehicle, but while en route to the hospital, the car experienced a mechanical malfunction and caught fire. She was transported in another vehicle and succumbed to her wounds at the hospital. 

The two suspects fled the scene but were apprehended shortly thereafter. One of the men, a convicted felon wanted for six outstanding warrants, was charged with armed violence, illegal possession of a firearm, possession of a controlled substance, and possession of a fraudulent identification card. The second suspect, who was on parole, was charged with firearm possession by a felon and drug possession. 

Officer Rivera had served with the Chicago Police Department for four years. She is survived by her daughter.",36,4 years,19020,Officer's handgun,In custody,41.7457415,-87.6026648
Lieutenant Eddie Mays,Eddie Mays,Lieutenant,Bernie Police Department,MO,Heart attack,2025-06-05,2025,Thursday,False,https://www.odmp.org/officer/27418-lieutenant-eddie-mays,27418/125/c_eddie-mays.jpg,"Lieutenant Eddie Mays suffered a fatal heart attack while arresting a man during a domestic call on West Crumb Avenue in Bernie at 4:53 p.m.  

The subject was arrested and charged with domestic assault.

Lieutenant Mays was a United States Air Force veteran and served with the Bernie Police Department for 30 years. He is survived by his wife, two children, and eight grandchildren.",58,30 years,792,,,36.6701515,-89.9689894
Police Officer Gabriel Facio,Gabriel Facio,Police,Apache Junction Police Department,AZ,Gunfire,2025-06-08,2025,Sunday,False,https://www.odmp.org/officer/27417-police-officer-gabriel-facio,27417/125/2025-Gabriel-Facio.jpg,"Police Officer Gabriel Facio died six days after being shot in the face by a driver who had been pulled over for brandishing a gun in a road-rage incident in the area near Ironwood Drive and Elliott Road.

On the morning of Monday, June 2, Officer Facio and additional officers responded to a road-rage incident involving a driver who had allegedly threatened others with a gun. After being pulled over, the driver was initially cooperative. However, when asked to step out of the vehicle, he became aggressive, retrieved a handgun from the glove compartment, and exited the vehicle. Officers ordered him to stop and attempted to subdue him with non-lethal weapons, but the subject fired at the officers, striking Officer Facio in the face. Officers returned fire, wounding the subject. 

Officer Facio was rushed to the hospital, where he remained in critical condition for six days before succumbing to his wounds just after 1:00 p.m. on Sunday, June 8. 

The subject was injured and also taken to the hospital. When he was released, he was charged with one count of first-degree murder, seven counts of aggravated assault, and two counts of disorderly conduct involving a weapon. 

Officer Facio had served with the Apache Junction Police Department for nearly four years and had previously served as an officer in Phoenix and other agencies in the area. He is survived by his wife, daughter, son, parents, and a grandchild.",46,3 years,Not available,Handgun,Injured; charged with homicide,33.3508797,-111.5633965
Sergeant Shiou Deng,Shiou Deng,Sergeant,Los Angeles Police Department,CA,Struck by vehicle,2025-06-23,2025,Monday,False,https://www.odmp.org/officer/27419-sergeant-shiou-deng,27419/125/c_deng-shiou.jpg,"Sergeant Shiou Deng was struck and killed by the driver of a vehicle while assisting at the scene of a vehicle crash on the southbound lanes of Interstate 405 at Moraga Drive in Los Angeles. 

Around 1:58 a.m., Sergeant Deng was traveling south on the 405 when he witnessed a collision. After turning on his emergency lights, he exited his patrol vehicle to help the victims in the crash when he was hit by another driver. One person died at the scene. Sergeant Deng was transported to the Ronald Reagan UCLA Medical Center, where he succumbed to his injuries. 

Sergeant Deng had served with the Los Angeles Police Department for 26 years.",53,26 years,35049,,,34.0773833,-118.4703064
Undersheriff Brandon Gaede,Brandon Gaede,Undersheriff,Phillips County Sheriff's Office,KS,Gunfire,2025-06-27,2025,Friday,False,https://www.odmp.org/officer/27429-undersheriff-brandon-gaede,27429/125/c_b-gaede.jpg,"Undersheriff Brandon Gaede was shot and killed while arresting a subject at 899 1st Street in Phillipsburg around 9:28 p.m.

After receiving a call about loud booms and explosions around 6:00 p.m., responding officers were unable to find the source but cleared the area, attributing the noise to fireworks. At 8:30 p.m., Undersheriff Gaede responded to the scene after three more calls were made. When he encountered a subject outside his house, the man denied setting off fireworks. Undersheriff Gaede cleared the call but stayed in the area, believing that someone was exploding something stronger than commercial-grade fireworks. Another call came in regarding explosives at 9:18, and Undersheriff Gaede was immediately on the scene and found the same subject in his yard and smoke nearby. The man admitted to setting off explosives, not commercial-grade fireworks, a felony in Kansas. While placing the subject in handcuffs, the man pulled out a concealed handgun and shot Undersheriff Gaede five times. He returned fire, killing the subject. 

Undersheriff Gaede was transported to a local hospital, where he succumbed to his wounds less than an hour later.  

An investigation revealed the suspect had more than 33 pounds of illegal explosive materials, over 20 firearms, and a stockpile of ammunition. 

Undersheriff Gaede had served with the Phillips County Sheriff's Office for eight years. He is survived by his wife and three children.",30,8 years,808,Gun; Unknown type,Shot and killed,39.7579538,-99.3275452
Police Officer Kendall Isaiah Corder,Kendall Isaiah Corder,Police,Milwaukee Police Department,WI,Gunfire,2025-06-29,2025,Sunday,False,https://www.odmp.org/officer/27430-police-officer-kendall-isaiah-corder,27430/125/c_corder_kendall.jpg,"Police Officer Kendall Corder succumbed to gunshot wounds he received when he was ambushed at North 24th Place and West Garfield Avenue in Milwaukee on June 26, 2025.

Around 9:00 p.m., Officer Corder and his partner responded to a domestic violence call with a subject with a gun, which was upgraded to a shots fired call while they were en route to the scene. When they exited their patrol vehicle and approached the alley, they were shot at least 16 times by a subject shooting a Glock-style handgun with an extended magazine, hiding in the bushes.  

Both officers were transported to Froedtert Hospital. One officer was released on June 28, 2025, after receiving gunshot wounds to the back and foot. Officer Corder remained on life support until passing away from multiple gunshot wounds, including a severed spine, on June 29, 2025. 

The suspect was apprehended the next day and was charged with first-degree intentional homicide and first-degree recklessly endangering safety. Another was charged with harboring or aiding a felon. A third person was charged with possession of a firearm by a felon. 

Officer Corder had served with the Milwaukee Police Department for over six years. He is survived by his grandmother, two siblings, and a nephew.",32,6 years,3509,Handgun; 9 mm,In custody,43.0591657,-87.9437632
Detention Officer Francisco Paul Flattes,Detention  Francisco Paul Flattes,Officer,Cherokee County Sheriff's Office,NC,Gunfire,2025-06-30,2025,Monday,False,https://www.odmp.org/officer/27435-detention-officer-francisco-paul-flattes,27435/125/c_detention-officer-francisco-flattes.jpg,"Detention Officer Francisco Flattes was shot and killed by a federal inmate at the Erlanger Western Carolina Hospital at 3990 E. U.S. Highway 64 Alt in Murphy, North Carolina.

Officer Flattes and another officer transported the inmate to a medical appointment when the inmate took Officer Flattes' gun and mortally wounded him. The inmate fled into the parking lot and drove off after carjacking a vehicle. 

Officer Flattes was transported to the local hospital, where he was pronounced deceased. Another officer was also injured in the scuffle and is recovering.

The inmate was apprehended after a standoff.    

Officer Flattes had served with the Cherokee County Sheriff's Office for four years. He is survived by his wife, who also served with the Cherokee County Sheriff's Office, four daughters, two sons, and 15 grandchildren.",56,4 years,904,Officer's weapon,In custody,35.0726228,-83.9661917
Deputy Sheriff Devin Mason,Devin Mason,Deputy,Darlington County Sheriff's Office,SC,Gunfire,2025-07-01,2025,Tuesday,False,https://www.odmp.org/officer/27437-deputy-sheriff-devin-mason,27437/125/c_devin-mason.jpg,"Deputy Sheriff Devin Mason was shot and killed while responding to a call on Old Timers Court in Darlington County.  

At 1:30 a.m., Deputy Mason and another deputy arrived at the residence where they received a tip regarding the location of a man and a woman with outstanding warrants. The deputies found the woman standing outside and were able to arrest her. When the deputies entered the home, they initiated contact with the mother of the male subject, who stated that she did not know the location of her son. Deputy Mason walked to the door of the bathroom and was met with gunfire from the subject hiding inside the bathroom. Both deputies returned fire. 

Deputy Mason was mortally wounded, and the other deputy was transported to the hospital in stable condition.   

The suspect was shot and killed. The suspect's mother was charged with obstruction of justice and misprision of a felony.  

Deputy Mason had served with the Darlington County Sheriff's Office for over three months. He had completed his field training a week earlier. He is survived by his son, mother, stepfather, and fiancée.",27,3 months,167,Gun; Unknown type,Shot and killed,34.2449470,-80.0711618
Officer Miguel Cano,Miguel Cano,Officer,California Highway Patrol,CA,Automobile crash,2025-07-02,2025,Wednesday,False,https://www.odmp.org/officer/27439-officer-miguel-cano,27439/125/c_miguel-cano.jpg,"Officer Miguel Cano was killed in a vehicle crash at Bristol Parkway north of Green Valley Circle in Culver City, California, at 12:30 a.m.

Officer Cano and his partner had just arrested a subject for possession of drugs and an illegal weapon and were transporting him to be processed. While driving on Bristol Parkway, Officer Cano stated that he did not feel well. Shortly after that, he lost control of his patrol vehicle and crashed into a tree. 

Officer Cano was transported to Ronald Reagan UCLA Medical Center, where he passed away. His partner and the detainee suffered minor injuries. It is believed that Officer Cano suffered a medical emergency and lost consciousness before the crash. An investigation has been initiated.

Officer Cano had served with the California Highway Patrol for two years. He is survived by his wife and parents.",34,2 years,23555,,,33.9837492,-118.3907180
Deputy Sheriff Antonio Aleman,Antonio Aleman,Deputy,Doña Ana County Sheriff's Office,NM,Automobile crash,2025-07-08,2025,Tuesday,False,https://www.odmp.org/officer/27440-deputy-sheriff-antonio-aleman,27440/125/aleman-antonio.jpg,"Deputy Sheriff Antonio Aleman was killed in an automobile crash on eastbound Interstate 10, close to the Avenida de Mesilla exit, at approximately 5:00 p.m.

Deputy Aleman's patrol vehicle collided with the back of a semi-truck while on duty. He was transported to MountainView Regional Medical Center in Las Cruces, where he succumbed to his injuries.

Deputy Aleman had served with the Dona Ana County Sheriff's Office for four years. He is survived by his wife and two children.",33,4 years,1361,,,32.2870527,-106.7832133
Parole Agent Joshua Lemont Byrd,Parole  Joshua Lemont Byrd,Agent,California Department of Corrections and Rehabilitation,CA,Gunfire,2025-07-17,2025,Thursday,False,https://www.odmp.org/officer/27443-parole-agent-joshua-lemont-byrd,27443/125/c_joshua-byrd.jpg,"Parole Agent Joshua Byrd was shot and killed in the Division of Adult Parole Operations at 7717 Edgwater Drive in Oakland at 12:48 p.m. 

Agent Byrd was transported to Highland Hospital, where he succumbed to his wounds. 

The shooter, a parolee who was released from prison a week and a half earlier, fled the scene, taking a bus and later stealing a car. He was apprehended and will be charged with first-degree murder. 

Agent Byrd was a United States Navy veteran and had served with the California Department of Corrections and Rehabilitation for 11 years. He is survived by his wife and three children.",40,11 years,7585,Gun; Unknown type,In custody,37.7428451,-122.2044422
Detective Joshua Kelley-Eklund,Joshua Kelley-Eklund,Detective,Los Angeles County Sheriff's Department,CA,Explosion,2025-07-18,2025,Friday,False,https://www.odmp.org/officer/27444-detective-joshua-kelley-eklund,27444/125/c_joshua-kelley-ecklund.jpg,"Detective Joshua Kelley-Eklund, Detective Victor Lemus, and Detective William Osborn were killed in an explosion at the Biscailuz Center Academy Training at 1060 North Eastern Street in Los Angeles around 7:30 a.m. 

Detective Kelley-Eklund had served with the Los Angeles County Sheriff's Department for 19 years, assigned to the Special Enforcement Bureau. He is survived by his wife and seven children.",41,19 years,Not available,,,34.0511257,-118.1693710
Detective Victor Lemus,Victor Lemus,Detective,Los Angeles County Sheriff's Department,CA,Explosion,2025-07-18,2025,Friday,False,https://www.odmp.org/officer/27445-detective-victor-lemus,27445/125/c_victor-lemus.jpg,"Detective Victor Lemus, Detective William Osborn, and Detective Joshua Kelley-Eklund were killed in an explosion at the Biscailuz Center Academy Training at 1060 North Eastern Street in Los Angeles around 7:30 a.m. 

Detective Lemus had served with the Los Angeles County Sheriff's Department for 22 years, assigned to the Special Enforcement Bureau. He is survived by his wife, who is also a detective with the Los Angeles County Sheriff's Department, his three daughters, three sisters, who also served with the Los Angeles County Sheriff's Office, and four brothers.",40,22 years,Not available,,,34.0511257,-118.1693710
Detective William Osborn,William Osborn,Detective,Los Angeles County Sheriff's Department,CA,Explosion,2025-07-18,2025,Friday,False,https://www.odmp.org/officer/27446-detective-william-osborn,27446/125/c_osborn_william.jpg,"Detective William Osborn, Detective Joshua Kelley-Eklund, and Detective Victor Lemus were killed in an explosion at the Biscailuz Center Academy Training at 1060 North Eastern Street in Los Angeles around 7:30 a.m. 

Detective Osborn had served with the Los Angeles County Sheriff's Department for 33 years, assigned to the Special Enforcement Bureau. He is survived by his wife, who is also a detective with the Los Angeles County Sheriff's Department, four sons, and two daughters.",58,33 years,Not available,,,34.0511257,-118.1693710
Police Officer Phillip C. Wagner,Phillip C. Wagner,Police,Lorain Police Department,OH,Gunfire,2025-07-24,2025,Thursday,False,https://www.odmp.org/officer/27448-police-officer-phillip-c-wagner,27448/125/c_phillip-wagner.jpg,"Police Officer Phillip Wagner was ambushed at River Bend Drive near the 2200 block of Colorado Avenue in Lorain on July 23, 2025. 

At 1:00 p.m., Officer Wagner and another officer were in their patrol vehicle eating lunch when a man opened fire on their patrol car. When they called for help, another officer was also ambushed. 

Two officers were Life Flighted to MetroHealth Medical Center in Cleveland, and one officer was treated for a gunshot wound to his hand at Mercy Health- Lorain Hospital. Officer Wagner succumbed to multiple gunshot wounds the next day. 

The shooter was killed in an exchange of gunfire with responding officers. 

Officer Wagner was a United States Marine Corps veteran and had served with the Lorain Police Department for three years and the Sheffield Village Police Department for four years. He is survived by his wife and three children.",35,7 years,4178,Gun; Unknown type,Shot and killed,41.4625994,-82.1465549
Deputy Sheriff Elijah Ming,Elijah Ming,Deputy,Wyandotte County Sheriff's Office,KS,Gunfire,2025-07-26,2025,Saturday,False,https://www.odmp.org/officer/27449-deputy-sheriff-elijah-ming,27449/125/c_ming.elijah.jpg,"Deputy Sheriff Elijah Ming was shot and killed responding to a domestic situation at 2627 S. 30th Street, at approximately 3:45 p.m. 

Deputy Ming and an officer from the Kansas City Police Department were responding to a request for a civil standby for a woman to move out of a home after being threatened by a man with a gun. Upon their arrival, the man began shooting and struck Deputy Ming. As additional officers arrived to assist, gunfire was exchanged, and the man barricaded himself in the home.

Deputy Ming was rushed to a nearby hospital, where he succumbed to his wounds at approximately 8 p.m.

After nearly 90 minutes, the suspect, who had been shot during the initial exchange of gunfire, exited the home and was taken into custody before being taken to a nearby hospital with non-life-threatening injuries.

Deputy Ming had served with the Wyandotte County Sheriff's Department for nine years. He is survived by his wife and son.",34,9 years,Not available,Not available,In custody,39.0541582,-94.6628349
Detective Didarul Islam,Didarul Islam,Detective,New York City Police Department,NY,Gunfire,2025-07-28,2025,Monday,False,https://www.odmp.org/officer/27450-detective-didarul-islam,27450/125/c_islam%2C-didarul.jpg,"Detective Didarul Islam was shot and killed while working a security detail at 345 Park Avenue in Manhattan, New York City. 

A lone gunman entered the building around 6:30 p.m., killing an additional four people and wounding one. 

The suspect barricaded himself in an office and was found with a self-inflicted gunshot wound. 

Detective Islam had served with the New York City Police Department for three and a half years and was assigned to the 47th precinct. He is survived by his expectant wife, two children, and father.

Detective Didarul Islam was posthumously promoted to Detective First Grade.",36,"3 years, 6 months",25831,Rifle; AR-15,Committed suicide,40.7578865,-73.9728081
"Lieutenant Albert Stout, Jr.","Albert Stout, Jr.",Lieutenant,Robstown Police Department,TX,Duty related illness,2025-08-06,2025,Wednesday,False,https://www.odmp.org/officer/27456-lieutenant-albert-stout-jr,27456/125/c_stout-albert.JPG,"Lieutenant Albert Stout succumbed to complications of an infectious disease he contracted while overseeing the Animal Control Office at 700 North Upshaw in Robstown on February 14, 2025. 

Lieutenant Stout became ill after working at the shelter and sought treatment at the local hospital. Within days, his health rapidly deteriorated, and he was transferred to Houston for additional care. 

On August 6, 2025, he passed away from complications of the disease. 

Lieutenant Stout had served with the Robstown Police Department for 31 years. He is survived by his wife, three children, and eight grandchildren.",57,31 years,046,,,27.7944121,-97.6571358
Police Officer David Rose,David Rose,Police,DeKalb County Police Department,GA,Gunfire,2025-08-08,2025,Friday,False,https://www.odmp.org/officer/27453-police-officer-david-rose,27453/125/c_rose.jpg,"Police Officer David Rose was shot and killed responding to an active shooter at the CVS at 520 Avenue Place in Atlanta near the Centers for Disease Control and Prevention (CDC) at Emory University. 

The suspect was brandishing multiple guns, firing at the windows of the CDC building around 4:50 p.m. When law enforcement arrived, he turned and fired at the officers. Officer Rose was struck and succumbed to his wounds at Emory University Hospital. Another officer received non-life-threatening injuries. 

The suspect was found on the 2nd floor of the CVS with a self-inflicted gunshot wound. He died at the scene. 

Officer Rose was a United States Marine Corps veteran and had served with the DeKalb County Police Department for 11 months. He is survived by his expectant wife, two children, mother, and brother.",33,11 months,Not available,Gun; Unknown type,Committed Suicide,33.8013825,-84.3286042
Sergeant Kenneth Salas,Kenneth Salas,Sergeant,Spokane County Sheriff's Office,WA,Struck by vehicle,2025-08-09,2025,Saturday,False,https://www.odmp.org/officer/27454-sergeant-kenneth-salas,27454/125/c_kenneth-salas.jpg,"Sergeant Kenneth Salas was struck and killed by a motorcyclist while removing debris on Interstate 90 near the Four Lakes exit in Spokane.

At 7:40 a.m., Sergeant Salas stopped with emergency lights activated to help a motorist retrieve a haybale that fell onto the eastbound highway. He used his patrol vehicle to block the haybale while the motorist pulled his trailer to the right side of the road. Other drivers moved to the right lane to avoid the patrol vehicle, but the motorcycle driver did not see the patrol car until it was too late. When he attempted to avoid hitting the patrol car, he struck Sergeant Salas. 

Sergeant Salas was transported to Providence Sacred Heart Medical Center, where he passed away from his injuries. 

The motorcyclist was also taken to the hospital with serious injuries.

Sergeant Salas was a United States Air Force and Washington State Air National Guard veteran. He had served with the Spokane County Sheriff's Department for 34 years and was planning to retire the following month. He is survived by his wife.",59,34 years,Not available,,,47.5630962,-117.5983896
Sergeant Caleb Eisworth,Caleb Eisworth,Sergeant,Baton Rouge Police Department,LA,Vehicular assault,2025-08-10,2025,Sunday,False,https://www.odmp.org/officer/27455-sergeant-caleb-eisworth,27455/125/c_caleb-eisworth.JPG,"Sergeant Caleb Eisworth succumbed to injuries he received in a motorcycle crash when he was intentionally struck on June 16, 2025. 

At 11:00 a.m., Sergeant Eisworth was traveling on Joor Road en route to a funeral procession when a truck rammed into him at a high rate of speed. After being struck, he was knocked off his motorcycle and dragged underneath the vehicle for several hundred feet. 

Sergeant Eisworth was transported to the hospital, where he succumbed to his injuries on August 10, 2025.

The suspect was arrested after bragging about it on social media. He was initially charged with criminal damage to property, hate crimes, resisting an officer, and attempted first-degree murder. He faces first-degree murder charges and the death penalty. His girlfriend was arrested and charged with obstruction of justice and accessory after the fact to attempted first-degree murder of a police officer.

Sergeant Eisworth had served with the Baton Rouge Police Department for 23 years and had been awarded the Department's Medal of Honor and multiple awards for heroism during his years of service. He is survived by his wife, daughter, mother, father, and brother.",44,23 years,P1025,Automobile,In custody,30.4842387,-91.0896242
Sergeant Ryan Hudson,Ryan Hudson,Sergeant,Paducah Police Department,KY,Heart attack,2025-08-12,2025,Tuesday,False,https://www.odmp.org/officer/27458-sergeant-ryan-hudson,27458/125/c_ryabn-hudson.jpg,"Sergeant Ryan Hudson suffered a fatal heart attack after responding to a shooting call involving multiple victims, including a pregnant woman, in the 900 block of Boyd Street.

A group of hundreds of people had gathered in the area when the shooting occurred. Sergeant Hudson responded to the evolving scene and assisted with the aftermath, but started to feel ill. He continued working, but his condition worsened. He sought medical treatment two days later. He was admitted to the hospital but passed away the following day.

One of the shooting victims died as a result of the original incident. Four people, including a juvenile, were charged with complicity to commit first-degree murder and complicity to commit first-degree fetal homicide.

Sergeant Hudson had served with the Paducah Police Department for 10 years.",32,"10 years, 6 months",Not available,,,37.0910200,-88.6108684
Trooper First Class Dennis Ricks,Dennis Ricks,Trooper,South Carolina Highway Patrol,SC,Struck by vehicle,2025-08-13,2025,Wednesday,False,https://www.odmp.org/officer/27457-trooper-first-class-dennis-ricks,27457/125/c_dennis-ricks.jpg,"Trooper Dennis Ricks succumbed to injuries he received when he was struck by a truck during a traffic stop on August 10, 2025. 

Around 2:00 a.m., Trooper Ricks had stopped a vehicle on Interstate 26 eastbound near mile marker 166 in Orangeburg. When he walked back to his patrol vehicle, the driver of a box truck struck him. He was transported to Trident Medical Center in North Charleston, suffering from severe brain injury, internal injuries, and broken bones in his back. He passed away on August 13, 2025. 

The driver was charged with operating a vehicle under suspension. 

Trooper Ricks had served with the South Carolina Highway Patrol for almost two years. He is survived by his wife.",Not available,"1 year, 11 months",Not available,,,33.3487552,-80.5805566
Police Officer Suzanne O,Suzanne O,Police,Maui County Police Department,HI,Gunfire,2025-08-15,2025,Friday,False,https://www.odmp.org/officer/27459-police-officer-suzanne-o,27459/125/c7694_suzanne-o.jpg,"Police Officer Suzanne O was shot and killed near the Paia Sugar Mill, off of Baldwin Avenue, at approximately 8:30 p.m.

She was responding to a complaint of trespassing and shots fired when she and fellow officers were confronted by the suspect, who was armed with a rifle. The suspect fired at the officers, striking Officer O in the chest. Officers returned fire, hitting the suspect in the hip.

Although first responders attempted life-saving measures, Officer O succumbed to her wounds at the scene.

The suspect was taken into custody with non-life-threatening injuries.

Officer O had served with the Maui County Police Department for five years and was awarded the Certificate of Merit in 2023.",Not available,5 years,Not available,Rifle,In custody,20.9070359,-156.3734188
K9 Kaya,Kaya,K9,Streetsboro Police Department,OH,Struck by vehicle,2025-01-07,2025,Tuesday,True,https://www.odmp.org/k9/1936-k9-kaya,https://www.odmp.org/media/image/k9/1936/125/c_k9-kaya.jpg,"K9 Kaya was struck and killed by a passing motorist on SR 303.

At 5:35 p.m., K9 Kaya exited the patrol vehicle to stretch his legs in an area west of the Streetsboro Police Department. While chasing a ball 600 feet away from the roadway, K9 Kaya unexpectedly redirected and crossed onto SR 303, where a vehicle passing by hit him. He was transported to Metropolitan Veterinary Hospital where he succumbed to his injuries an hour later. 

The driver stayed at the scene and cooperated with the authorities. 

K9 Kaya had served with the Streetsboro Police Department for almost nine years. He died three days before his ninth birthday.",8,"8 years, 11 months",,Automobile,,41.2386728,-81.3187015
K9 Macho,Macho,K9,Jefferson Parish Sheriff's Office,LA,Heart attack,2025-01-15,2025,Wednesday,True,https://www.odmp.org/k9/1939-k9-macho,https://www.odmp.org/media/image/k9/1939/125/c_macho.jpg,"K9 Macho suffered a fatal heart attack after apprehending a suspect who was wanted on outstanding warrants at the 2000 block of Estalote Avenue in Harvey. 

K9 Macho and the Jefferson Parish Sheriff's Office's SWAT Team were assisting the United States Marshals Service in serving an arrest warrant on a wanted fugitive. When the suspect refused to exit the home, drones and robots were sent into the house during the standoff. As soon as the suspect was located hiding inside a box spring in one of the bedrooms, K9 Macho was sent in to apprehend the suspect. 

Around 10:50 a.m., K9 Macho seized the suspect by biting him to keep him in place until other SWAT Team members could apprehend the man. During the apprehension, K9 Macho's handler noticed something was off and removed him from the suspect. K9 Macho collapsed, and CPR was performed. Despite resuscitation attempts, K9 Macho was unable to be revived.

The suspect was taken into custody. 

K9 Macho had served with the Jefferson Parish Sheriff's Office for six years. He had more than 200 deployments and made more than 100 apprehensions.",8,6 years,,,In custody,29.8818513,-90.0680311
K9 Roxi,Roxi,K9,Miami-Dade Sheriff's Office,FL,Vehicular assault,2025-02-01,2025,Saturday,True,https://www.odmp.org/k9/1937-k9-roxi,https://www.odmp.org/media/image/k9/1937/125/c_roxi.jpg,"K9 Roxi succumbed to injuries she received in a vehicle crash during a pursuit of a wanted felon. 

When deputies attempted to initiate a traffic stop, the suspect continued driving, and a pursuit ensued. At Northwest 72nd Street and Northwest 1st Avenue, the suspect intentionally struck the K9 SUV, crashing the vehicle into a concrete wall. 

K9 Roxi was transported to an emergency veterinarian hospital where she died two days later. 

The suspect was arrested and charged with trafficking fentanyl, possession of a firearm by a convicted felon, aggravated battery on a law enforcement officer, fleeing and eluding, causing injury, possession of a controlled substance with the intent to sell, possession of THC and resisting an officer with violence.

K9 Roxi had served with the Miami-Dade Sheriff's Office for over seven months.",Not available,"7 years, 9 months",,Automobile,,25.8411941,-80.1988310
K9 Preacher,Preacher,K9,Maine State Police,ME,Gunfire,2025-02-04,2025,Tuesday,True,https://www.odmp.org/k9/1938-k9-preacher,https://www.odmp.org/media/image/k9/1938/125/c_preacher-and-handler.jpg,"K9 Preacher succumbed to gunshot wounds he received while pursuing a fleeing domestic suspect on Ranger Street in Portage Lake, Maine. 

Law enforcement responded to a report of a domestic situation and convinced the subject to talk to them outside of the home. As officers attempted to arrest the suspect, he pulled out a gun and fired at officers, striking an Aroostook County Sheriff's deputy in the shoulder. The suspect was able to barricade himself in the home despite hours of negotiations. When the suspect attempted to escape, his vehicle was disabled, so he fled on foot with K9 Preacher in pursuit. The suspect fired at K9 Preacher, hitting him in the abdomen. 

A Maine State Police trooper returned fire, killing the suspect. 

The deputy was taken to a local hospital for treatment and was released. 

K9 Preacher was transported to an emergency veterinary hospital and survived surgery, but he passed away the following morning. 

K9 Preacher had served with the Maine State Police for over one year.",4,"1 year, 6 months",,Gun; Unknown type,Shot and killed,46.7601824,-68.4779863
K9 Azi,Azi,K9,McKinney Police Department,TX,Gunfire,2025-03-13,2025,Thursday,True,https://www.odmp.org/k9/1940-k9-azi,https://www.odmp.org/media/image/k9/1940/125/c49_azi_mckinneypd.jpg,"K9 Azi was shot and killed while attempting to apprehend a subject who barricaded himself in a hotel room at the Red Roof Inn at 1300 North Central Expressway in McKinney. 

Around 2:44 p.m., McKinney officers responded to a shooting call and discovered a female had been shot. The suspect barricaded himself in a hotel room and threatened to shoot everyone. When the suspect exited the room about 30 minutes later, K9 Azi was deployed to apprehend him. The suspect pulled out his gun and shot K9 Azi, fatally wounding him. Responding officers returned fire, hitting the suspect. The suspect succumbed to his wounds at the hospital. 

The female victim was transported to a local hospital and is in stable condition. 

K9 Azi was taken to an Urgent Care Vet Clinic, but had passed away.

K9 Azi had served with the McKinney Police Department for one year and four months.",2,"1 year, 4 months",,Handgun,Shot and killed,33.2090882,-96.6372275
K9 Blitz,Blitz,K9,Wadesboro Police Department,NC,Gunfire,2025-04-02,2025,Wednesday,True,https://www.odmp.org/k9/1942-k9-blitz,https://www.odmp.org/media/image/k9/1942/125/c_blitz.jpg,"K9 Blitz was shot while apprehending a suspect who fled from officers during a traffic stop. 

Officers attempted to stop a vehicle on U.S. Highway 74 for fictitious plates. The driver fled, leading to a pursuit that lasted over twenty miles. When the suspect's vehicle's tires were blown in Mt. Gilead, the suspect attempted to flee on foot. K9 Blitz was deployed to apprehend the man. After the suspect was captured, K9 Blitz became more aggressive and was tased and pepper-sprayed. When K9 Blitz attacked a third officer and would not let go, he was shot.  

The suspect, who had warrants out for his arrest, was charged with assaulting a law enforcement agency animal, eluding arrest, assault with a deadly weapon, multiple drug possession charges, and traffic violations.

K9 Blitz had served with the Wadesboro Police Department for two months.",Not available,2 months,,Officer's handgun,In custody,34.9644521,-80.0785981
K9 Chico,Chico,K9,Boerne Police Department,TX,Struck by vehicle,2025-04-10,2025,Thursday,True,https://www.odmp.org/k9/1943-k9-chico,https://www.odmp.org/media/image/k9/1943/125/c_chico_.JPG,"K9 Chico was struck and killed by a hit-and-run driver on Interstate 10 East at 12:50 a.m.

K9 Chico and his handler had completed a traffic stop with a K9 deployment on the Interstate 10 Frontage Road. After K9 Chico was secured in his patrol cage, his handler started to pull out of the parking lot, unaware that the door mechanism and safety feature had malfunctioned. K9 Chico jumped out of the patrol car and ran onto Interstate 10, where he was struck by a vehicle that did not stop. 

The safety feature should have alerted the handler that the door did not close properly. An investigation into the malfunction has been started. 

K9 Chico had served with the Boerne Police Department for over a year.",5,"1 year, 5 months",,Automobile,At large,29.7988286,-98.7529658
K9 Knox,Knox,K9,Roanoke City Police Department,VA,Vehicle pursuit,2025-04-18,2025,Friday,True,https://www.odmp.org/k9/1944-k9-knox,https://www.odmp.org/media/image/k9/1944/125/c_knox.jpg,"K9 Knox was struck and killed during a pursuit of a stolen vehicle around 1:40 a.m.

Officers attempted to stop the driver of a stolen vehicle at a gas station on Melrose Avenue NW. The suspect fled the scene, and a short pursuit ensued. When the car stopped on the 4200 block of Vermont Avenue NW, the driver ran from the scene. K9 Knox was then deployed to apprehend the suspect. As K9 Knox was in pursuit, another police vehicle struck him. 

K9 Knox was transported to Emergency Veterinarian Services, where he passed away from his injuries.

The suspect, a convicted felon with outstanding warrants, fled the scene and has not been apprehended. The passenger in the stolen vehicle is in custody with outstanding warrants. 

K9 Knox had served with the Roanoke City Police Department for almost two years.",3,"1 year, 11 months",,Automobile,,37.2984484,-80.0046327
K9 Kai,Kai,K9,Bristol Police Department,TN,Heatstroke,2025-04-24,2025,Thursday,True,https://www.odmp.org/k9/1945-k9-kai,https://www.odmp.org/media/image/k9/1945/125/c_kai.jpg,"K9 Kai succumbed to heatstroke after completing his annual certification training at 361 Exide Drive in Bristol.

When K9 Kai became overheated during training at 5:30 p.m., attempts were made to cool him down, but he collapsed. K9 Kai was transported to an emergency clinic, where his condition continued to deteriorate. He passed away the following day. 

K9 Kai had served with the Bristol Police Department for seven years. Kai had completed 1691 hours of training, conducted 175 explosive searches, and was responsible for 21 suspect apprehensions. He was also called to assist federal, state, and local law enforcement agencies throughout the region 57 times.",8,7 years,,,,36.5232061,-82.2683559
K9 Scout,,K9,Suffolk Police Department,VA,Heatstroke,2025-05-27,2025,Tuesday,True,https://www.odmp.org/k9/1949-k9-scout,https://www.odmp.org/media/image/k9/1949/125/c_k9_scout.jpg,"K9 Scout succumbed to heat stroke after tracking a fugitive. 

On May 26, 2025, K9 Scout searched a heavily wooded area near the 8100 block of South Quay Road in Suffolk for a wanted fugitive. A few hours later, when K9 Scout was distressed, he was transported to Tidewater Animal Clinic, where he passed away.   

K9 Scout had served with the Suffolk Police Department for three years. He received an Award of Merit, two Departmental Commendations, and three Departmental Noteworthy Performance Awards.",4,3 years,,,,36.6567528,-76.8181312
K9 Rebel,Rebel,K9,Albuquerque Police Department,NM,Gunfire (Inadvertent),2025-05-29,2025,Thursday,True,https://www.odmp.org/k9/1946-k9-rebel,https://www.odmp.org/media/image/k9/1946/125/c_rebel.jpg,"K9 Rebel was shot and killed while apprehending a suspect at 1401 Woodward Road in Albuquerque. 

The suspect had fled from a SWAT situation on May 27, 2025, and was tracked to the Comfort Inn. When crisis negotiators attempted to de-escalate the situation, the suspect broke a window and jumped out of his hotel room. K9 Rebel was deployed and successfully apprehended the suspect. But the suspect grabbed Rebel by the neck and used him as a shield from the police while pointing a gun at them. K9 Rebel was struck in the crossfire.

The suspect, a convicted felon released on early parole, was shot and killed during the shootout. 

K9 Rebel was transported to a local veterinarian, where he succumbed to his wounds. 

K9 Rebel had served with the Albuquerque Police Department for over seven years. He was credited with over 900 deployments.",8,Not available,,Officer's weapon,Shot and killed,35.0498304,-106.6333927
K9 Raven,Raven,K9,Tucson Police Department,AZ,Gunfire,2025-07-05,2025,Saturday,True,https://www.odmp.org/k9/1947-k9-raven,https://www.odmp.org/media/image/k9/1947/125/c_raven.jpg,"K9 Raven succumbed to gunshot wounds he received on October 9, 2023, while apprehending a subject at the Gene C. Reid Park at 900 S. Randolph Way in Tucson. 

At 8:30 p.m., officers were responding to a male in a mental health crisis and reports of gunfire in the park. In an effort to de-escalate the situation, officers evacuated the park while hostage negotiators communicated with the subject. When the man walked away from the officers, K9 Raven was deployed. The subject turned and shot at officers, who returned fire. K9 Raven was struck three times.  

K9 Raven was transported to Valley Animal Hospital, where he suffered from paralysis. Over time, K9 Raven was able to walk again, but succumbed to his wounds on July 5, 2025. 

The suspect was transferred to Banner University Medical Center with life-threatening gunshot wounds, but survived. He pleaded guilty to one count of discharging a firearm in city limits, five counts of endangerment, and one count of interference with a working or service animal and was sentenced to probation.   

K9 Raven had served with the Tucson Police Department for five months.",4,5 months,,Gun; Unknown type,Probation,32.2085114,-110.9239486
K9 Sam,Sam,K9,Lexington County Sheriff's Department,SC,Heatstroke,2025-07-08,2025,Tuesday,True,https://www.odmp.org/k9/1948-k9-sam,https://www.odmp.org/media/image/k9/1948/125/c_sam_cropped.jpg,"K9 Sam succumbed to heat stroke after suffering a medical emergency while training.

Temperatures were registering over 100 degrees in the shade. As soon as K9 Sam exhibited signs of stress, he was rushed to the vet. 

K9 Sam had served with the Lexington County Sheriff's Department for about six months.",2,Not available,,,,33.9798212,-81.2503297
K9 Georgia,Georgia,K9,Dade County Sheriff's Office,GA,Heatstroke,2025-07-13,2025,Sunday,True,https://www.odmp.org/k9/1950-k9-georgia,https://www.odmp.org/media/image/k9/1950/125/c_georgia-2.jpg,"K9 Georgia suffered from heatstroke after being left in the patrol car while her handler was inside the Dade County Sheriff's Office at 75 Case Avenue in Trenton.  

On July 13, 2025, the heat index ranged from 100 to 102 degrees. The air conditioning compressor in the patrol car malfunctioned and ceased to operate; plus, the heat alarm was not functioning. 

K9 Georgia had served with the Dade County Sheriff's Office for 11 months.",Not available,Not available,,,,34.8727727,-85.5109498
K9 Oya,Oya,K9,North County Police Cooperative,MO,Gunfire,2025-07-30,2025,Wednesday,True,https://www.odmp.org/k9/1953-k9-oya,https://www.odmp.org/media/image/k9/1953/125/c_k9-oya.jpg,"K9 Oya was shot and killed while attempting to apprehend two suspects fleeing from a stolen vehicle on Hodiamont Avenue and Dr. Martin Luther King Boulevard in St. Louis. 

At 10:30 a.m., suspects in a stolen vehicle led officers in a pursuit after refusing to pull over. When they crashed the vehicle and fled on foot in separate directions, K9 Oya was deployed to assist. 

The suspects were not apprehended.  

K9 Oya had served with the North County Police Cooperative for over a year.",3,"1 year, 4 months",,Handgun,At large,38.6752928,-90.2852482
